{"cameraMode":{"drawMode":0,"name":"Shaded","section":"Shading Mode"},"sceneLighting":true,"audioPlay":false,"sceneViewState":{"m_AlwaysRefresh":false,"showFog":true,"showSkybox":true,"showFlares":true,"showImageEffects":true,"showParticleSystems":true,"showVisualEffectGraphs":true,"m_FxEnabled":true},"in2DMode":false,"pivot":{"x":9.667659759521485,"y":-1.2788431644439698,"z":11.151403427124024},"rotation":{"x":-0.37408217787742617,"y":-0.16882766783237458,"z":0.06946368515491486,"w":-0.9092568159103394},"size":23.493511199951173,"orthographic":false}