{"cameraMode":{"drawMode":0,"name":"Shaded","section":"Shading Mode"},"sceneLighting":true,"audioPlay":false,"sceneViewState":{"m_AlwaysRefresh":false,"showFog":true,"showSkybox":true,"showFlares":true,"showImageEffects":true,"showParticleSystems":true,"showVisualEffectGraphs":true,"m_FxEnabled":true},"in2DMode":false,"pivot":{"x":2.7951302528381349,"y":1.1649107933044434,"z":2.1949150562286379},"rotation":{"x":-0.2079029530286789,"y":-0.1841837465763092,"z":0.03989896923303604,"w":-0.9598314762115479},"size":7.532210826873779,"orthographic":true}